"age","year","offence","no"
"18",2011,"Homicide and related offences",11
"18",2011,"Acts intended to cause injury",100
"18",2011,"Sexual assault and related offences",12
"18",2011,"Robbery, extortion and related offences",77
"18",2011,"Unlawful entry with intent",63
"18",2011,"Illicit drug offences",0
"18",2011,"Theft and related offences",20
"18",2011,"Miscellaneous offences",53
"18",2012,"Homicide and related offences",6
"18",2012,"Acts intended to cause injury",86
"18",2012,"Sexual assault and related offences",14
"18",2012,"Robbery, extortion and related offences",58
"18",2012,"Unlawful entry with intent",69
"18",2012,"Theft and related offences",15
"18",2012,"Illicit drug offences",4
"18",2012,"Offences against justice procedures",18
"18",2012,"Miscellaneous offences",23
"18",2013,"Homicide and related offences",5
"18",2013,"Acts intended to cause injury",94
"18",2013,"Sexual assault and related offences",12
"18",2013,"Dangerous or negligent acts endangering persons",10
"18",2013,"Abduction, harassment and other offences against the person",0
"18",2013,"Robbery, extortion and related offences",57
"18",2013,"Unlawful entry with intent",73
"18",2013,"Theft and related offences",12
"18",2013,"Fraud, deception and related offences",0
"18",2013,"Illicit drug offences",5
"18",2013,"Prohibited and regulated weapons and explosives offences",3
"18",2013,"Property damage and environmental pollution",3
"18",2013,"Public order offences",3
"18",2013,"Traffic and vehicle regulatory offences",3
"18",2013,"Offences against justice procedures",20
"18",2013,"Miscellaneous offences",0
"18",2014,"Homicide and related offences",6
"18",2014,"Acts intended to cause injury",95
"18",2014,"Sexual assault and related offences",19
"18",2014,"Dangerous or negligent acts endangering persons",17
"18",2014,"Abduction, harassment and other offences against the person",0
"18",2014,"Robbery, extortion and related offences",53
"18",2014,"Unlawful entry with intent",84
"18",2014,"Theft and related offences",17
"18",2014,"Fraud, deception and related offences",3
"18",2014,"Illicit drug offences",3
"18",2014,"Prohibited and regulated weapons and explosives offences",0
"18",2014,"Property damage and environmental pollution",7
"18",2014,"Public order offences",3
"18",2014,"Traffic and vehicle regulatory offences",0
"18",2014,"Offences against justice procedures",22
"18",2014,"Miscellaneous offences",0
"18",2015,"Homicide and related offences",7
"18",2015,"Acts intended to cause injury",75
"18",2015,"Sexual assault and related offences",26
"18",2015,"Dangerous or negligent acts endangering persons",12
"18",2015,"Abduction, harassment and other offences against the person",3
"18",2015,"Robbery, extortion and related offences",58
"18",2015,"Unlawful entry with intent",78
"18",2015,"Theft and related offences",21
"18",2015,"Fraud, deception and related offences",0
"18",2015,"Illicit drug offences",10
"18",2015,"Prohibited and regulated weapons and explosives offences",8
"18",2015,"Property damage and environmental pollution",6
"18",2015,"Public order offences",0
"18",2015,"Traffic and vehicle regulatory offences",0
"18",2015,"Offences against justice procedures",16
"18",2015,"Miscellaneous offences",0
"18",2016,"Homicide and related offences",7
"18",2016,"Acts intended to cause injury",81
"18",2016,"Sexual assault and related offences",11
"18",2016,"Dangerous or negligent acts endangering persons",12
"18",2016,"Abduction, harassment and other offences against the person",4
"18",2016,"Robbery, extortion and related offences",35
"18",2016,"Unlawful entry with intent",64
"18",2016,"Theft and related offences",14
"18",2016,"Fraud, deception and related offences",0
"18",2016,"Illicit drug offences",4
"18",2016,"Prohibited and regulated weapons and explosives offences",4
"18",2016,"Property damage and environmental pollution",4
"18",2016,"Public order offences",0
"18",2016,"Traffic and vehicle regulatory offences",0
"18",2016,"Offences against justice procedures",24
"18",2016,"Miscellaneous offences",0
"18",2017,"Homicide and related offences",5
"18",2017,"Acts intended to cause injury",89
"18",2017,"Sexual assault and related offences",13
"18",2017,"Dangerous or negligent acts endangering persons",23
"18",2017,"Abduction, harassment and other offences against the person",4
"18",2017,"Robbery, extortion and related offences",48
"18",2017,"Unlawful entry with intent",75
"18",2017,"Theft and related offences",16
"18",2017,"Fraud, deception and related offences",4
"18",2017,"Illicit drug offences",9
"18",2017,"Prohibited and regulated weapons and explosives offences",3
"18",2017,"Property damage and environmental pollution",5
"18",2017,"Public order offences",3
"18",2017,"Traffic and vehicle regulatory offences",0
"18",2017,"Offences against justice procedures",7
"18",2017,"Miscellaneous offences",0
"18",2018,"Homicide and related offences",5
"18",2018,"Acts intended to cause injury",81
"18",2018,"Sexual assault and related offences",21
"18",2018,"Dangerous or negligent acts endangering persons",17
"18",2018,"Abduction, harassment and other offences against the person",3
"18",2018,"Robbery, extortion and related offences",59
"18",2018,"Unlawful entry with intent",68
"18",2018,"Theft and related offences",11
"18",2018,"Fraud, deception and related offences",3
"18",2018,"Illicit drug offences",9
"18",2018,"Prohibited and regulated weapons and explosives offences",0
"18",2018,"Property damage and environmental pollution",4
"18",2018,"Public order offences",3
"18",2018,"Traffic and vehicle regulatory offences",0
"18",2018,"Offences against justice procedures",13
"18",2018,"Miscellaneous offences",0
"18",2019,"Homicide and related offences",12
"18",2019,"Acts intended to cause injury",57
"18",2019,"Sexual assault and related offences",20
"18",2019,"Dangerous or negligent acts endangering persons",9
"18",2019,"Abduction, harassment and other offences against the person",0
"18",2019,"Robbery, extortion and related offences",45
"18",2019,"Unlawful entry with intent",49
"18",2019,"Theft and related offences",7
"18",2019,"Fraud, deception and related offences",4
"18",2019,"Illicit drug offences",9
"18",2019,"Prohibited and regulated weapons and explosives offences",7
"18",2019,"Property damage and environmental pollution",3
"18",2019,"Public order offences",0
"18",2019,"Traffic and vehicle regulatory offences",0
"18",2019,"Offences against justice procedures",5
"18",2019,"Miscellaneous offences",0
"18",2020,"Homicide and related offences",7
"18",2020,"Acts intended to cause injury",66
"18",2020,"Sexual assault and related offences",11
"18",2020,"Dangerous or negligent acts endangering persons",5
"18",2020,"Abduction, harassment and other offences against the person",3
"18",2020,"Robbery, extortion and related offences",46
"18",2020,"Unlawful entry with intent",39
"18",2020,"Theft and related offences",3
"18",2020,"Fraud, deception and related offences",0
"18",2020,"Illicit drug offences",5
"18",2020,"Prohibited and regulated weapons and explosives offences",0
"18",2020,"Property damage and environmental pollution",8
"18",2020,"Public order offences",0
"18",2020,"Traffic and vehicle regulatory offences",0
"18",2020,"Offences against justice procedures",10
"18",2020,"Miscellaneous offences",0
"19",2011,"Homicide and related offences",17
"19",2011,"Acts intended to cause injury",158
"19",2011,"Sexual assault and related offences",17
"19",2011,"Robbery, extortion and related offences",139
"19",2011,"Unlawful entry with intent",101
"19",2011,"Illicit drug offences",19
"19",2011,"Theft and related offences",18
"19",2011,"Miscellaneous offences",117
"19",2012,"Homicide and related offences",24
"19",2012,"Acts intended to cause injury",169
"19",2012,"Sexual assault and related offences",23
"19",2012,"Robbery, extortion and related offences",140
"19",2012,"Unlawful entry with intent",98
"19",2012,"Theft and related offences",21
"19",2012,"Illicit drug offences",17
"19",2012,"Offences against justice procedures",46
"19",2012,"Miscellaneous offences",45
"19",2013,"Homicide and related offences",18
"19",2013,"Acts intended to cause injury",135
"19",2013,"Sexual assault and related offences",15
"19",2013,"Dangerous or negligent acts endangering persons",24
"19",2013,"Abduction, harassment and other offences against the person",5
"19",2013,"Robbery, extortion and related offences",129
"19",2013,"Unlawful entry with intent",111
"19",2013,"Theft and related offences",22
"19",2013,"Fraud, deception and related offences",4
"19",2013,"Illicit drug offences",15
"19",2013,"Prohibited and regulated weapons and explosives offences",7
"19",2013,"Property damage and environmental pollution",13
"19",2013,"Public order offences",3
"19",2013,"Traffic and vehicle regulatory offences",5
"19",2013,"Offences against justice procedures",32
"19",2013,"Miscellaneous offences",0
"19",2014,"Homicide and related offences",15
"19",2014,"Acts intended to cause injury",160
"19",2014,"Sexual assault and related offences",18
"19",2014,"Dangerous or negligent acts endangering persons",31
"19",2014,"Abduction, harassment and other offences against the person",8
"19",2014,"Robbery, extortion and related offences",130
"19",2014,"Unlawful entry with intent",128
"19",2014,"Theft and related offences",33
"19",2014,"Fraud, deception and related offences",6
"19",2014,"Illicit drug offences",9
"19",2014,"Prohibited and regulated weapons and explosives offences",4
"19",2014,"Property damage and environmental pollution",9
"19",2014,"Public order offences",0
"19",2014,"Traffic and vehicle regulatory offences",4
"19",2014,"Offences against justice procedures",44
"19",2014,"Miscellaneous offences",0
"19",2015,"Homicide and related offences",12
"19",2015,"Acts intended to cause injury",163
"19",2015,"Sexual assault and related offences",29
"19",2015,"Dangerous or negligent acts endangering persons",18
"19",2015,"Abduction, harassment and other offences against the person",9
"19",2015,"Robbery, extortion and related offences",111
"19",2015,"Unlawful entry with intent",121
"19",2015,"Theft and related offences",28
"19",2015,"Fraud, deception and related offences",7
"19",2015,"Illicit drug offences",25
"19",2015,"Prohibited and regulated weapons and explosives offences",9
"19",2015,"Property damage and environmental pollution",15
"19",2015,"Public order offences",3
"19",2015,"Traffic and vehicle regulatory offences",3
"19",2015,"Offences against justice procedures",28
"19",2015,"Miscellaneous offences",0
"19",2016,"Homicide and related offences",20
"19",2016,"Acts intended to cause injury",129
"19",2016,"Sexual assault and related offences",33
"19",2016,"Dangerous or negligent acts endangering persons",26
"19",2016,"Abduction, harassment and other offences against the person",6
"19",2016,"Robbery, extortion and related offences",82
"19",2016,"Unlawful entry with intent",111
"19",2016,"Theft and related offences",36
"19",2016,"Fraud, deception and related offences",10
"19",2016,"Illicit drug offences",16
"19",2016,"Prohibited and regulated weapons and explosives offences",7
"19",2016,"Property damage and environmental pollution",11
"19",2016,"Public order offences",3
"19",2016,"Traffic and vehicle regulatory offences",7
"19",2016,"Offences against justice procedures",38
"19",2016,"Miscellaneous offences",3
"19",2017,"Homicide and related offences",14
"19",2017,"Acts intended to cause injury",188
"19",2017,"Sexual assault and related offences",30
"19",2017,"Dangerous or negligent acts endangering persons",33
"19",2017,"Abduction, harassment and other offences against the person",7
"19",2017,"Robbery, extortion and related offences",81
"19",2017,"Unlawful entry with intent",98
"19",2017,"Theft and related offences",30
"19",2017,"Fraud, deception and related offences",7
"19",2017,"Illicit drug offences",27
"19",2017,"Prohibited and regulated weapons and explosives offences",6
"19",2017,"Property damage and environmental pollution",14
"19",2017,"Public order offences",3
"19",2017,"Traffic and vehicle regulatory offences",3
"19",2017,"Offences against justice procedures",38
"19",2017,"Miscellaneous offences",0
"19",2018,"Homicide and related offences",17
"19",2018,"Acts intended to cause injury",148
"19",2018,"Sexual assault and related offences",34
"19",2018,"Dangerous or negligent acts endangering persons",25
"19",2018,"Abduction, harassment and other offences against the person",9
"19",2018,"Robbery, extortion and related offences",96
"19",2018,"Unlawful entry with intent",120
"19",2018,"Theft and related offences",33
"19",2018,"Fraud, deception and related offences",5
"19",2018,"Illicit drug offences",28
"19",2018,"Prohibited and regulated weapons and explosives offences",8
"19",2018,"Property damage and environmental pollution",13
"19",2018,"Public order offences",0
"19",2018,"Traffic and vehicle regulatory offences",4
"19",2018,"Offences against justice procedures",26
"19",2018,"Miscellaneous offences",0
"19",2019,"Homicide and related offences",24
"19",2019,"Acts intended to cause injury",157
"19",2019,"Sexual assault and related offences",29
"19",2019,"Dangerous or negligent acts endangering persons",28
"19",2019,"Abduction, harassment and other offences against the person",8
"19",2019,"Robbery, extortion and related offences",85
"19",2019,"Unlawful entry with intent",91
"19",2019,"Theft and related offences",20
"19",2019,"Fraud, deception and related offences",6
"19",2019,"Illicit drug offences",29
"19",2019,"Prohibited and regulated weapons and explosives offences",4
"19",2019,"Property damage and environmental pollution",13
"19",2019,"Public order offences",7
"19",2019,"Traffic and vehicle regulatory offences",0
"19",2019,"Offences against justice procedures",26
"19",2019,"Miscellaneous offences",0
"19",2020,"Homicide and related offences",28
"19",2020,"Acts intended to cause injury",141
"19",2020,"Sexual assault and related offences",27
"19",2020,"Dangerous or negligent acts endangering persons",29
"19",2020,"Abduction, harassment and other offences against the person",3
"19",2020,"Robbery, extortion and related offences",98
"19",2020,"Unlawful entry with intent",71
"19",2020,"Theft and related offences",21
"19",2020,"Fraud, deception and related offences",3
"19",2020,"Illicit drug offences",20
"19",2020,"Prohibited and regulated weapons and explosives offences",12
"19",2020,"Property damage and environmental pollution",3
"19",2020,"Public order offences",3
"19",2020,"Traffic and vehicle regulatory offences",0
"19",2020,"Offences against justice procedures",30
"19",2020,"Miscellaneous offences",0
"20–24",2011,"Homicide and related offences",272
"20–24",2011,"Acts intended to cause injury",1210
"20–24",2011,"Sexual assault and related offences",268
"20–24",2011,"Robbery, extortion and related offences",755
"20–24",2011,"Unlawful entry with intent",660
"20–24",2011,"Illicit drug offences",260
"20–24",2011,"Theft and related offences",152
"20–24",2011,"Miscellaneous offences",1085
"20–24",2012,"Homicide and related offences",238
"20–24",2012,"Acts intended to cause injury",1113
"20–24",2012,"Sexual assault and related offences",246
"20–24",2012,"Robbery, extortion and related offences",764
"20–24",2012,"Unlawful entry with intent",693
"20–24",2012,"Theft and related offences",180
"20–24",2012,"Illicit drug offences",289
"20–24",2012,"Offences against justice procedures",437
"20–24",2012,"Miscellaneous offences",480
"20–24",2013,"Homicide and related offences",239
"20–24",2013,"Acts intended to cause injury",1241
"20–24",2013,"Sexual assault and related offences",239
"20–24",2013,"Dangerous or negligent acts endangering persons",139
"20–24",2013,"Abduction, harassment and other offences against the person",54
"20–24",2013,"Robbery, extortion and related offences",828
"20–24",2013,"Unlawful entry with intent",653
"20–24",2013,"Theft and related offences",207
"20–24",2013,"Fraud, deception and related offences",42
"20–24",2013,"Illicit drug offences",285
"20–24",2013,"Prohibited and regulated weapons and explosives offences",45
"20–24",2013,"Property damage and environmental pollution",76
"20–24",2013,"Public order offences",28
"20–24",2013,"Traffic and vehicle regulatory offences",92
"20–24",2013,"Offences against justice procedures",476
"20–24",2013,"Miscellaneous offences",15
"20–24",2014,"Homicide and related offences",236
"20–24",2014,"Acts intended to cause injury",1377
"20–24",2014,"Sexual assault and related offences",242
"20–24",2014,"Dangerous or negligent acts endangering persons",167
"20–24",2014,"Abduction, harassment and other offences against the person",67
"20–24",2014,"Robbery, extortion and related offences",871
"20–24",2014,"Unlawful entry with intent",697
"20–24",2014,"Theft and related offences",181
"20–24",2014,"Fraud, deception and related offences",39
"20–24",2014,"Illicit drug offences",369
"20–24",2014,"Prohibited and regulated weapons and explosives offences",61
"20–24",2014,"Property damage and environmental pollution",80
"20–24",2014,"Public order offences",48
"20–24",2014,"Traffic and vehicle regulatory offences",91
"20–24",2014,"Offences against justice procedures",459
"20–24",2014,"Miscellaneous offences",15
"20–24",2015,"Homicide and related offences",239
"20–24",2015,"Acts intended to cause injury",1343
"20–24",2015,"Sexual assault and related offences",295
"20–24",2015,"Dangerous or negligent acts endangering persons",195
"20–24",2015,"Abduction, harassment and other offences against the person",73
"20–24",2015,"Robbery, extortion and related offences",837
"20–24",2015,"Unlawful entry with intent",710
"20–24",2015,"Theft and related offences",223
"20–24",2015,"Fraud, deception and related offences",60
"20–24",2015,"Illicit drug offences",459
"20–24",2015,"Prohibited and regulated weapons and explosives offences",89
"20–24",2015,"Property damage and environmental pollution",83
"20–24",2015,"Public order offences",41
"20–24",2015,"Traffic and vehicle regulatory offences",80
"20–24",2015,"Offences against justice procedures",430
"20–24",2015,"Miscellaneous offences",6
"20–24",2016,"Homicide and related offences",246
"20–24",2016,"Acts intended to cause injury",1364
"20–24",2016,"Sexual assault and related offences",317
"20–24",2016,"Dangerous or negligent acts endangering persons",249
"20–24",2016,"Abduction, harassment and other offences against the person",98
"20–24",2016,"Robbery, extortion and related offences",796
"20–24",2016,"Unlawful entry with intent",741
"20–24",2016,"Theft and related offences",257
"20–24",2016,"Fraud, deception and related offences",53
"20–24",2016,"Illicit drug offences",549
"20–24",2016,"Prohibited and regulated weapons and explosives offences",79
"20–24",2016,"Property damage and environmental pollution",102
"20–24",2016,"Public order offences",38
"20–24",2016,"Traffic and vehicle regulatory offences",81
"20–24",2016,"Offences against justice procedures",489
"20–24",2016,"Miscellaneous offences",11
"20–24",2017,"Homicide and related offences",250
"20–24",2017,"Acts intended to cause injury",1511
"20–24",2017,"Sexual assault and related offences",306
"20–24",2017,"Dangerous or negligent acts endangering persons",280
"20–24",2017,"Abduction, harassment and other offences against the person",89
"20–24",2017,"Robbery, extortion and related offences",705
"20–24",2017,"Unlawful entry with intent",724
"20–24",2017,"Theft and related offences",239
"20–24",2017,"Fraud, deception and related offences",69
"20–24",2017,"Illicit drug offences",600
"20–24",2017,"Prohibited and regulated weapons and explosives offences",75
"20–24",2017,"Property damage and environmental pollution",71
"20–24",2017,"Public order offences",45
"20–24",2017,"Traffic and vehicle regulatory offences",58
"20–24",2017,"Offences against justice procedures",456
"20–24",2017,"Miscellaneous offences",9
"20–24",2018,"Homicide and related offences",196
"20–24",2018,"Acts intended to cause injury",1480
"20–24",2018,"Sexual assault and related offences",332
"20–24",2018,"Dangerous or negligent acts endangering persons",328
"20–24",2018,"Abduction, harassment and other offences against the person",72
"20–24",2018,"Robbery, extortion and related offences",729
"20–24",2018,"Unlawful entry with intent",682
"20–24",2018,"Theft and related offences",176
"20–24",2018,"Fraud, deception and related offences",57
"20–24",2018,"Illicit drug offences",630
"20–24",2018,"Prohibited and regulated weapons and explosives offences",81
"20–24",2018,"Property damage and environmental pollution",88
"20–24",2018,"Public order offences",37
"20–24",2018,"Traffic and vehicle regulatory offences",59
"20–24",2018,"Offences against justice procedures",421
"20–24",2018,"Miscellaneous offences",4
"20–24",2019,"Homicide and related offences",219
"20–24",2019,"Acts intended to cause injury",1459
"20–24",2019,"Sexual assault and related offences",358
"20–24",2019,"Dangerous or negligent acts endangering persons",301
"20–24",2019,"Abduction, harassment and other offences against the person",61
"20–24",2019,"Robbery, extortion and related offences",704
"20–24",2019,"Unlawful entry with intent",666
"20–24",2019,"Theft and related offences",206
"20–24",2019,"Fraud, deception and related offences",54
"20–24",2019,"Illicit drug offences",534
"20–24",2019,"Prohibited and regulated weapons and explosives offences",114
"20–24",2019,"Property damage and environmental pollution",77
"20–24",2019,"Public order offences",28
"20–24",2019,"Traffic and vehicle regulatory offences",42
"20–24",2019,"Offences against justice procedures",436
"20–24",2019,"Miscellaneous offences",7
"20–24",2020,"Homicide and related offences",202
"20–24",2020,"Acts intended to cause injury",1337
"20–24",2020,"Sexual assault and related offences",333
"20–24",2020,"Dangerous or negligent acts endangering persons",247
"20–24",2020,"Abduction, harassment and other offences against the person",72
"20–24",2020,"Robbery, extortion and related offences",678
"20–24",2020,"Unlawful entry with intent",610
"20–24",2020,"Theft and related offences",154
"20–24",2020,"Fraud, deception and related offences",32
"20–24",2020,"Illicit drug offences",455
"20–24",2020,"Prohibited and regulated weapons and explosives offences",88
"20–24",2020,"Property damage and environmental pollution",89
"20–24",2020,"Public order offences",25
"20–24",2020,"Traffic and vehicle regulatory offences",19
"20–24",2020,"Offences against justice procedures",409
"20–24",2020,"Miscellaneous offences",8
"25–29",2011,"Homicide and related offences",368
"25–29",2011,"Acts intended to cause injury",1221
"25–29",2011,"Sexual assault and related offences",375
"25–29",2011,"Robbery, extortion and related offences",610
"25–29",2011,"Unlawful entry with intent",694
"25–29",2011,"Illicit drug offences",491
"25–29",2011,"Theft and related offences",243
"25–29",2011,"Miscellaneous offences",1241
"25–29",2012,"Homicide and related offences",369
"25–29",2012,"Acts intended to cause injury",1233
"25–29",2012,"Sexual assault and related offences",355
"25–29",2012,"Robbery, extortion and related offences",632
"25–29",2012,"Unlawful entry with intent",698
"25–29",2012,"Theft and related offences",250
"25–29",2012,"Illicit drug offences",477
"25–29",2012,"Offences against justice procedures",535
"25–29",2012,"Miscellaneous offences",665
"25–29",2013,"Homicide and related offences",364
"25–29",2013,"Acts intended to cause injury",1279
"25–29",2013,"Sexual assault and related offences",340
"25–29",2013,"Dangerous or negligent acts endangering persons",156
"25–29",2013,"Abduction, harassment and other offences against the person",93
"25–29",2013,"Robbery, extortion and related offences",634
"25–29",2013,"Unlawful entry with intent",760
"25–29",2013,"Theft and related offences",223
"25–29",2013,"Fraud, deception and related offences",89
"25–29",2013,"Illicit drug offences",529
"25–29",2013,"Prohibited and regulated weapons and explosives offences",75
"25–29",2013,"Property damage and environmental pollution",58
"25–29",2013,"Public order offences",35
"25–29",2013,"Traffic and vehicle regulatory offences",167
"25–29",2013,"Offences against justice procedures",632
"25–29",2013,"Miscellaneous offences",11
"25–29",2014,"Homicide and related offences",367
"25–29",2014,"Acts intended to cause injury",1449
"25–29",2014,"Sexual assault and related offences",365
"25–29",2014,"Dangerous or negligent acts endangering persons",203
"25–29",2014,"Abduction, harassment and other offences against the person",80
"25–29",2014,"Robbery, extortion and related offences",706
"25–29",2014,"Unlawful entry with intent",841
"25–29",2014,"Theft and related offences",281
"25–29",2014,"Fraud, deception and related offences",102
"25–29",2014,"Illicit drug offences",632
"25–29",2014,"Prohibited and regulated weapons and explosives offences",89
"25–29",2014,"Property damage and environmental pollution",102
"25–29",2014,"Public order offences",39
"25–29",2014,"Traffic and vehicle regulatory offences",170
"25–29",2014,"Offences against justice procedures",653
"25–29",2014,"Miscellaneous offences",15
"25–29",2015,"Homicide and related offences",363
"25–29",2015,"Acts intended to cause injury",1563
"25–29",2015,"Sexual assault and related offences",366
"25–29",2015,"Dangerous or negligent acts endangering persons",240
"25–29",2015,"Abduction, harassment and other offences against the person",107
"25–29",2015,"Robbery, extortion and related offences",742
"25–29",2015,"Unlawful entry with intent",805
"25–29",2015,"Theft and related offences",306
"25–29",2015,"Fraud, deception and related offences",97
"25–29",2015,"Illicit drug offences",805
"25–29",2015,"Prohibited and regulated weapons and explosives offences",128
"25–29",2015,"Property damage and environmental pollution",101
"25–29",2015,"Public order offences",39
"25–29",2015,"Traffic and vehicle regulatory offences",150
"25–29",2015,"Offences against justice procedures",662
"25–29",2015,"Miscellaneous offences",17
"25–29",2016,"Homicide and related offences",359
"25–29",2016,"Acts intended to cause injury",1814
"25–29",2016,"Sexual assault and related offences",379
"25–29",2016,"Dangerous or negligent acts endangering persons",279
"25–29",2016,"Abduction, harassment and other offences against the person",120
"25–29",2016,"Robbery, extortion and related offences",708
"25–29",2016,"Unlawful entry with intent",839
"25–29",2016,"Theft and related offences",348
"25–29",2016,"Fraud, deception and related offences",134
"25–29",2016,"Illicit drug offences",957
"25–29",2016,"Prohibited and regulated weapons and explosives offences",139
"25–29",2016,"Property damage and environmental pollution",105
"25–29",2016,"Public order offences",40
"25–29",2016,"Traffic and vehicle regulatory offences",157
"25–29",2016,"Offences against justice procedures",663
"25–29",2016,"Miscellaneous offences",19
"25–29",2017,"Homicide and related offences",372
"25–29",2017,"Acts intended to cause injury",1966
"25–29",2017,"Sexual assault and related offences",402
"25–29",2017,"Dangerous or negligent acts endangering persons",369
"25–29",2017,"Abduction, harassment and other offences against the person",145
"25–29",2017,"Robbery, extortion and related offences",724
"25–29",2017,"Unlawful entry with intent",839
"25–29",2017,"Theft and related offences",337
"25–29",2017,"Fraud, deception and related offences",124
"25–29",2017,"Illicit drug offences",1168
"25–29",2017,"Prohibited and regulated weapons and explosives offences",163
"25–29",2017,"Property damage and environmental pollution",90
"25–29",2017,"Public order offences",44
"25–29",2017,"Traffic and vehicle regulatory offences",138
"25–29",2017,"Offences against justice procedures",632
"25–29",2017,"Miscellaneous offences",10
"25–29",2018,"Homicide and related offences",408
"25–29",2018,"Acts intended to cause injury",2054
"25–29",2018,"Sexual assault and related offences",486
"25–29",2018,"Dangerous or negligent acts endangering persons",418
"25–29",2018,"Abduction, harassment and other offences against the person",126
"25–29",2018,"Robbery, extortion and related offences",766
"25–29",2018,"Unlawful entry with intent",831
"25–29",2018,"Theft and related offences",322
"25–29",2018,"Fraud, deception and related offences",144
"25–29",2018,"Illicit drug offences",1275
"25–29",2018,"Prohibited and regulated weapons and explosives offences",217
"25–29",2018,"Property damage and environmental pollution",113
"25–29",2018,"Public order offences",54
"25–29",2018,"Traffic and vehicle regulatory offences",118
"25–29",2018,"Offences against justice procedures",577
"25–29",2018,"Miscellaneous offences",10
"25–29",2019,"Homicide and related offences",395
"25–29",2019,"Acts intended to cause injury",2060
"25–29",2019,"Sexual assault and related offences",518
"25–29",2019,"Dangerous or negligent acts endangering persons",403
"25–29",2019,"Abduction, harassment and other offences against the person",135
"25–29",2019,"Robbery, extortion and related offences",723
"25–29",2019,"Unlawful entry with intent",806
"25–29",2019,"Theft and related offences",327
"25–29",2019,"Fraud, deception and related offences",108
"25–29",2019,"Illicit drug offences",1201
"25–29",2019,"Prohibited and regulated weapons and explosives offences",185
"25–29",2019,"Property damage and environmental pollution",123
"25–29",2019,"Public order offences",34
"25–29",2019,"Traffic and vehicle regulatory offences",111
"25–29",2019,"Offences against justice procedures",619
"25–29",2019,"Miscellaneous offences",13
"25–29",2020,"Homicide and related offences",383
"25–29",2020,"Acts intended to cause injury",1926
"25–29",2020,"Sexual assault and related offences",536
"25–29",2020,"Dangerous or negligent acts endangering persons",384
"25–29",2020,"Abduction, harassment and other offences against the person",112
"25–29",2020,"Robbery, extortion and related offences",737
"25–29",2020,"Unlawful entry with intent",731
"25–29",2020,"Theft and related offences",249
"25–29",2020,"Fraud, deception and related offences",92
"25–29",2020,"Illicit drug offences",1102
"25–29",2020,"Prohibited and regulated weapons and explosives offences",175
"25–29",2020,"Property damage and environmental pollution",112
"25–29",2020,"Public order offences",21
"25–29",2020,"Traffic and vehicle regulatory offences",66
"25–29",2020,"Offences against justice procedures",600
"25–29",2020,"Miscellaneous offences",13
"30–34",2011,"Homicide and related offences",436
"30–34",2011,"Acts intended to cause injury",938
"30–34",2011,"Sexual assault and related offences",385
"30–34",2011,"Robbery, extortion and related offences",526
"30–34",2011,"Unlawful entry with intent",708
"30–34",2011,"Illicit drug offences",546
"30–34",2011,"Theft and related offences",237
"30–34",2011,"Miscellaneous offences",1179
"30–34",2012,"Homicide and related offences",430
"30–34",2012,"Acts intended to cause injury",1070
"30–34",2012,"Sexual assault and related offences",377
"30–34",2012,"Robbery, extortion and related offences",554
"30–34",2012,"Unlawful entry with intent",724
"30–34",2012,"Theft and related offences",269
"30–34",2012,"Illicit drug offences",555
"30–34",2012,"Offences against justice procedures",512
"30–34",2012,"Miscellaneous offences",638
"30–34",2013,"Homicide and related offences",420
"30–34",2013,"Acts intended to cause injury",1187
"30–34",2013,"Sexual assault and related offences",356
"30–34",2013,"Dangerous or negligent acts endangering persons",146
"30–34",2013,"Abduction, harassment and other offences against the person",80
"30–34",2013,"Robbery, extortion and related offences",567
"30–34",2013,"Unlawful entry with intent",779
"30–34",2013,"Theft and related offences",288
"30–34",2013,"Fraud, deception and related offences",117
"30–34",2013,"Illicit drug offences",631
"30–34",2013,"Prohibited and regulated weapons and explosives offences",70
"30–34",2013,"Property damage and environmental pollution",65
"30–34",2013,"Public order offences",38
"30–34",2013,"Traffic and vehicle regulatory offences",144
"30–34",2013,"Offences against justice procedures",565
"30–34",2013,"Miscellaneous offences",6
"30–34",2014,"Homicide and related offences",412
"30–34",2014,"Acts intended to cause injury",1336
"30–34",2014,"Sexual assault and related offences",365
"30–34",2014,"Dangerous or negligent acts endangering persons",182
"30–34",2014,"Abduction, harassment and other offences against the person",90
"30–34",2014,"Robbery, extortion and related offences",574
"30–34",2014,"Unlawful entry with intent",765
"30–34",2014,"Theft and related offences",296
"30–34",2014,"Fraud, deception and related offences",111
"30–34",2014,"Illicit drug offences",696
"30–34",2014,"Prohibited and regulated weapons and explosives offences",87
"30–34",2014,"Property damage and environmental pollution",66
"30–34",2014,"Public order offences",42
"30–34",2014,"Traffic and vehicle regulatory offences",150
"30–34",2014,"Offences against justice procedures",701
"30–34",2014,"Miscellaneous offences",9
"30–34",2015,"Homicide and related offences",410
"30–34",2015,"Acts intended to cause injury",1495
"30–34",2015,"Sexual assault and related offences",407
"30–34",2015,"Dangerous or negligent acts endangering persons",197
"30–34",2015,"Abduction, harassment and other offences against the person",97
"30–34",2015,"Robbery, extortion and related offences",599
"30–34",2015,"Unlawful entry with intent",776
"30–34",2015,"Theft and related offences",313
"30–34",2015,"Fraud, deception and related offences",147
"30–34",2015,"Illicit drug offences",858
"30–34",2015,"Prohibited and regulated weapons and explosives offences",84
"30–34",2015,"Property damage and environmental pollution",68
"30–34",2015,"Public order offences",39
"30–34",2015,"Traffic and vehicle regulatory offences",172
"30–34",2015,"Offences against justice procedures",689
"30–34",2015,"Miscellaneous offences",13
"30–34",2016,"Homicide and related offences",439
"30–34",2016,"Acts intended to cause injury",1626
"30–34",2016,"Sexual assault and related offences",464
"30–34",2016,"Dangerous or negligent acts endangering persons",217
"30–34",2016,"Abduction, harassment and other offences against the person",109
"30–34",2016,"Robbery, extortion and related offences",583
"30–34",2016,"Unlawful entry with intent",860
"30–34",2016,"Theft and related offences",366
"30–34",2016,"Fraud, deception and related offences",166
"30–34",2016,"Illicit drug offences",954
"30–34",2016,"Prohibited and regulated weapons and explosives offences",119
"30–34",2016,"Property damage and environmental pollution",91
"30–34",2016,"Public order offences",34
"30–34",2016,"Traffic and vehicle regulatory offences",159
"30–34",2016,"Offences against justice procedures",706
"30–34",2016,"Miscellaneous offences",19
"30–34",2017,"Homicide and related offences",441
"30–34",2017,"Acts intended to cause injury",1778
"30–34",2017,"Sexual assault and related offences",527
"30–34",2017,"Dangerous or negligent acts endangering persons",303
"30–34",2017,"Abduction, harassment and other offences against the person",124
"30–34",2017,"Robbery, extortion and related offences",587
"30–34",2017,"Unlawful entry with intent",837
"30–34",2017,"Theft and related offences",329
"30–34",2017,"Fraud, deception and related offences",157
"30–34",2017,"Illicit drug offences",1140
"30–34",2017,"Prohibited and regulated weapons and explosives offences",117
"30–34",2017,"Property damage and environmental pollution",79
"30–34",2017,"Public order offences",40
"30–34",2017,"Traffic and vehicle regulatory offences",169
"30–34",2017,"Offences against justice procedures",661
"30–34",2017,"Miscellaneous offences",14
"30–34",2018,"Homicide and related offences",432
"30–34",2018,"Acts intended to cause injury",1844
"30–34",2018,"Sexual assault and related offences",606
"30–34",2018,"Dangerous or negligent acts endangering persons",348
"30–34",2018,"Abduction, harassment and other offences against the person",106
"30–34",2018,"Robbery, extortion and related offences",595
"30–34",2018,"Unlawful entry with intent",843
"30–34",2018,"Theft and related offences",320
"30–34",2018,"Fraud, deception and related offences",152
"30–34",2018,"Illicit drug offences",1310
"30–34",2018,"Prohibited and regulated weapons and explosives offences",190
"30–34",2018,"Property damage and environmental pollution",103
"30–34",2018,"Public order offences",51
"30–34",2018,"Traffic and vehicle regulatory offences",151
"30–34",2018,"Offences against justice procedures",550
"30–34",2018,"Miscellaneous offences",9
"30–34",2019,"Homicide and related offences",444
"30–34",2019,"Acts intended to cause injury",1912
"30–34",2019,"Sexual assault and related offences",654
"30–34",2019,"Dangerous or negligent acts endangering persons",358
"30–34",2019,"Abduction, harassment and other offences against the person",120
"30–34",2019,"Robbery, extortion and related offences",562
"30–34",2019,"Unlawful entry with intent",804
"30–34",2019,"Theft and related offences",321
"30–34",2019,"Fraud, deception and related offences",157
"30–34",2019,"Illicit drug offences",1354
"30–34",2019,"Prohibited and regulated weapons and explosives offences",176
"30–34",2019,"Property damage and environmental pollution",99
"30–34",2019,"Public order offences",34
"30–34",2019,"Traffic and vehicle regulatory offences",107
"30–34",2019,"Offences against justice procedures",629
"30–34",2019,"Miscellaneous offences",14
"30–34",2020,"Homicide and related offences",442
"30–34",2020,"Acts intended to cause injury",1890
"30–34",2020,"Sexual assault and related offences",687
"30–34",2020,"Dangerous or negligent acts endangering persons",346
"30–34",2020,"Abduction, harassment and other offences against the person",127
"30–34",2020,"Robbery, extortion and related offences",586
"30–34",2020,"Unlawful entry with intent",767
"30–34",2020,"Theft and related offences",275
"30–34",2020,"Fraud, deception and related offences",127
"30–34",2020,"Illicit drug offences",1266
"30–34",2020,"Prohibited and regulated weapons and explosives offences",175
"30–34",2020,"Property damage and environmental pollution",109
"30–34",2020,"Public order offences",23
"30–34",2020,"Traffic and vehicle regulatory offences",85
"30–34",2020,"Offences against justice procedures",593
"30–34",2020,"Miscellaneous offences",8
"35–39",2011,"Homicide and related offences",394
"35–39",2011,"Acts intended to cause injury",822
"35–39",2011,"Sexual assault and related offences",420
"35–39",2011,"Robbery, extortion and related offences",329
"35–39",2011,"Unlawful entry with intent",540
"35–39",2011,"Illicit drug offences",530
"35–39",2011,"Theft and related offences",196
"35–39",2011,"Miscellaneous offences",1061
"35–39",2012,"Homicide and related offences",401
"35–39",2012,"Acts intended to cause injury",840
"35–39",2012,"Sexual assault and related offences",385
"35–39",2012,"Robbery, extortion and related offences",370
"35–39",2012,"Unlawful entry with intent",518
"35–39",2012,"Theft and related offences",186
"35–39",2012,"Illicit drug offences",577
"35–39",2012,"Offences against justice procedures",426
"35–39",2012,"Miscellaneous offences",582
"35–39",2013,"Homicide and related offences",401
"35–39",2013,"Acts intended to cause injury",935
"35–39",2013,"Sexual assault and related offences",364
"35–39",2013,"Dangerous or negligent acts endangering persons",119
"35–39",2013,"Abduction, harassment and other offences against the person",60
"35–39",2013,"Robbery, extortion and related offences",370
"35–39",2013,"Unlawful entry with intent",587
"35–39",2013,"Theft and related offences",184
"35–39",2013,"Fraud, deception and related offences",93
"35–39",2013,"Illicit drug offences",603
"35–39",2013,"Prohibited and regulated weapons and explosives offences",38
"35–39",2013,"Property damage and environmental pollution",62
"35–39",2013,"Public order offences",28
"35–39",2013,"Traffic and vehicle regulatory offences",128
"35–39",2013,"Offences against justice procedures",479
"35–39",2013,"Miscellaneous offences",9
"35–39",2014,"Homicide and related offences",419
"35–39",2014,"Acts intended to cause injury",1038
"35–39",2014,"Sexual assault and related offences",391
"35–39",2014,"Dangerous or negligent acts endangering persons",135
"35–39",2014,"Abduction, harassment and other offences against the person",71
"35–39",2014,"Robbery, extortion and related offences",389
"35–39",2014,"Unlawful entry with intent",682
"35–39",2014,"Theft and related offences",230
"35–39",2014,"Fraud, deception and related offences",92
"35–39",2014,"Illicit drug offences",645
"35–39",2014,"Prohibited and regulated weapons and explosives offences",70
"35–39",2014,"Property damage and environmental pollution",69
"35–39",2014,"Public order offences",34
"35–39",2014,"Traffic and vehicle regulatory offences",127
"35–39",2014,"Offences against justice procedures",603
"35–39",2014,"Miscellaneous offences",10
"35–39",2015,"Homicide and related offences",424
"35–39",2015,"Acts intended to cause injury",1192
"35–39",2015,"Sexual assault and related offences",440
"35–39",2015,"Dangerous or negligent acts endangering persons",147
"35–39",2015,"Abduction, harassment and other offences against the person",89
"35–39",2015,"Robbery, extortion and related offences",426
"35–39",2015,"Unlawful entry with intent",727
"35–39",2015,"Theft and related offences",258
"35–39",2015,"Fraud, deception and related offences",108
"35–39",2015,"Illicit drug offences",742
"35–39",2015,"Prohibited and regulated weapons and explosives offences",63
"35–39",2015,"Property damage and environmental pollution",76
"35–39",2015,"Public order offences",30
"35–39",2015,"Traffic and vehicle regulatory offences",131
"35–39",2015,"Offences against justice procedures",566
"35–39",2015,"Miscellaneous offences",9
"35–39",2016,"Homicide and related offences",440
"35–39",2016,"Acts intended to cause injury",1312
"35–39",2016,"Sexual assault and related offences",474
"35–39",2016,"Dangerous or negligent acts endangering persons",156
"35–39",2016,"Abduction, harassment and other offences against the person",98
"35–39",2016,"Robbery, extortion and related offences",433
"35–39",2016,"Unlawful entry with intent",777
"35–39",2016,"Theft and related offences",306
"35–39",2016,"Fraud, deception and related offences",125
"35–39",2016,"Illicit drug offences",814
"35–39",2016,"Prohibited and regulated weapons and explosives offences",96
"35–39",2016,"Property damage and environmental pollution",86
"35–39",2016,"Public order offences",42
"35–39",2016,"Traffic and vehicle regulatory offences",139
"35–39",2016,"Offences against justice procedures",573
"35–39",2016,"Miscellaneous offences",13
"35–39",2017,"Homicide and related offences",431
"35–39",2017,"Acts intended to cause injury",1473
"35–39",2017,"Sexual assault and related offences",574
"35–39",2017,"Dangerous or negligent acts endangering persons",227
"35–39",2017,"Abduction, harassment and other offences against the person",103
"35–39",2017,"Robbery, extortion and related offences",441
"35–39",2017,"Unlawful entry with intent",743
"35–39",2017,"Theft and related offences",261
"35–39",2017,"Fraud, deception and related offences",161
"35–39",2017,"Illicit drug offences",1021
"35–39",2017,"Prohibited and regulated weapons and explosives offences",97
"35–39",2017,"Property damage and environmental pollution",96
"35–39",2017,"Public order offences",29
"35–39",2017,"Traffic and vehicle regulatory offences",142
"35–39",2017,"Offences against justice procedures",581
"35–39",2017,"Miscellaneous offences",10
"35–39",2018,"Homicide and related offences",436
"35–39",2018,"Acts intended to cause injury",1612
"35–39",2018,"Sexual assault and related offences",615
"35–39",2018,"Dangerous or negligent acts endangering persons",275
"35–39",2018,"Abduction, harassment and other offences against the person",80
"35–39",2018,"Robbery, extortion and related offences",491
"35–39",2018,"Unlawful entry with intent",756
"35–39",2018,"Theft and related offences",288
"35–39",2018,"Fraud, deception and related offences",168
"35–39",2018,"Illicit drug offences",1111
"35–39",2018,"Prohibited and regulated weapons and explosives offences",156
"35–39",2018,"Property damage and environmental pollution",83
"35–39",2018,"Public order offences",39
"35–39",2018,"Traffic and vehicle regulatory offences",124
"35–39",2018,"Offences against justice procedures",542
"35–39",2018,"Miscellaneous offences",8
"35–39",2019,"Homicide and related offences",469
"35–39",2019,"Acts intended to cause injury",1660
"35–39",2019,"Sexual assault and related offences",648
"35–39",2019,"Dangerous or negligent acts endangering persons",269
"35–39",2019,"Abduction, harassment and other offences against the person",99
"35–39",2019,"Robbery, extortion and related offences",437
"35–39",2019,"Unlawful entry with intent",725
"35–39",2019,"Theft and related offences",289
"35–39",2019,"Fraud, deception and related offences",165
"35–39",2019,"Illicit drug offences",1081
"35–39",2019,"Prohibited and regulated weapons and explosives offences",165
"35–39",2019,"Property damage and environmental pollution",91
"35–39",2019,"Public order offences",39
"35–39",2019,"Traffic and vehicle regulatory offences",105
"35–39",2019,"Offences against justice procedures",570
"35–39",2019,"Miscellaneous offences",16
"35–39",2020,"Homicide and related offences",465
"35–39",2020,"Acts intended to cause injury",1590
"35–39",2020,"Sexual assault and related offences",669
"35–39",2020,"Dangerous or negligent acts endangering persons",278
"35–39",2020,"Abduction, harassment and other offences against the person",104
"35–39",2020,"Robbery, extortion and related offences",403
"35–39",2020,"Unlawful entry with intent",684
"35–39",2020,"Theft and related offences",211
"35–39",2020,"Fraud, deception and related offences",132
"35–39",2020,"Illicit drug offences",1076
"35–39",2020,"Prohibited and regulated weapons and explosives offences",168
"35–39",2020,"Property damage and environmental pollution",91
"35–39",2020,"Public order offences",21
"35–39",2020,"Traffic and vehicle regulatory offences",78
"35–39",2020,"Offences against justice procedures",571
"35–39",2020,"Miscellaneous offences",12
"40–44",2011,"Homicide and related offences",424
"40–44",2011,"Acts intended to cause injury",579
"40–44",2011,"Sexual assault and related offences",515
"40–44",2011,"Robbery, extortion and related offences",179
"40–44",2011,"Unlawful entry with intent",272
"40–44",2011,"Illicit drug offences",458
"40–44",2011,"Theft and related offences",133
"40–44",2011,"Miscellaneous offences",754
"40–44",2012,"Homicide and related offences",412
"40–44",2012,"Acts intended to cause injury",668
"40–44",2012,"Sexual assault and related offences",523
"40–44",2012,"Robbery, extortion and related offences",211
"40–44",2012,"Unlawful entry with intent",327
"40–44",2012,"Theft and related offences",125
"40–44",2012,"Illicit drug offences",478
"40–44",2012,"Offences against justice procedures",317
"40–44",2012,"Miscellaneous offences",467
"40–44",2013,"Homicide and related offences",424
"40–44",2013,"Acts intended to cause injury",715
"40–44",2013,"Sexual assault and related offences",509
"40–44",2013,"Dangerous or negligent acts endangering persons",75
"40–44",2013,"Abduction, harassment and other offences against the person",53
"40–44",2013,"Robbery, extortion and related offences",214
"40–44",2013,"Unlawful entry with intent",393
"40–44",2013,"Theft and related offences",149
"40–44",2013,"Fraud, deception and related offences",127
"40–44",2013,"Illicit drug offences",520
"40–44",2013,"Prohibited and regulated weapons and explosives offences",28
"40–44",2013,"Property damage and environmental pollution",37
"40–44",2013,"Public order offences",23
"40–44",2013,"Traffic and vehicle regulatory offences",90
"40–44",2013,"Offences against justice procedures",387
"40–44",2013,"Miscellaneous offences",13
"40–44",2014,"Homicide and related offences",394
"40–44",2014,"Acts intended to cause injury",846
"40–44",2014,"Sexual assault and related offences",498
"40–44",2014,"Dangerous or negligent acts endangering persons",95
"40–44",2014,"Abduction, harassment and other offences against the person",60
"40–44",2014,"Robbery, extortion and related offences",226
"40–44",2014,"Unlawful entry with intent",459
"40–44",2014,"Theft and related offences",166
"40–44",2014,"Fraud, deception and related offences",123
"40–44",2014,"Illicit drug offences",549
"40–44",2014,"Prohibited and regulated weapons and explosives offences",44
"40–44",2014,"Property damage and environmental pollution",59
"40–44",2014,"Public order offences",16
"40–44",2014,"Traffic and vehicle regulatory offences",106
"40–44",2014,"Offences against justice procedures",439
"40–44",2014,"Miscellaneous offences",11
"40–44",2015,"Homicide and related offences",421
"40–44",2015,"Acts intended to cause injury",913
"40–44",2015,"Sexual assault and related offences",503
"40–44",2015,"Dangerous or negligent acts endangering persons",120
"40–44",2015,"Abduction, harassment and other offences against the person",56
"40–44",2015,"Robbery, extortion and related offences",231
"40–44",2015,"Unlawful entry with intent",469
"40–44",2015,"Theft and related offences",159
"40–44",2015,"Fraud, deception and related offences",124
"40–44",2015,"Illicit drug offences",613
"40–44",2015,"Prohibited and regulated weapons and explosives offences",60
"40–44",2015,"Property damage and environmental pollution",54
"40–44",2015,"Public order offences",21
"40–44",2015,"Traffic and vehicle regulatory offences",111
"40–44",2015,"Offences against justice procedures",431
"40–44",2015,"Miscellaneous offences",15
"40–44",2016,"Homicide and related offences",394
"40–44",2016,"Acts intended to cause injury",993
"40–44",2016,"Sexual assault and related offences",519
"40–44",2016,"Dangerous or negligent acts endangering persons",115
"40–44",2016,"Abduction, harassment and other offences against the person",71
"40–44",2016,"Robbery, extortion and related offences",273
"40–44",2016,"Unlawful entry with intent",560
"40–44",2016,"Theft and related offences",208
"40–44",2016,"Fraud, deception and related offences",139
"40–44",2016,"Illicit drug offences",673
"40–44",2016,"Prohibited and regulated weapons and explosives offences",49
"40–44",2016,"Property damage and environmental pollution",71
"40–44",2016,"Public order offences",25
"40–44",2016,"Traffic and vehicle regulatory offences",96
"40–44",2016,"Offences against justice procedures",421
"40–44",2016,"Miscellaneous offences",16
"40–44",2017,"Homicide and related offences",393
"40–44",2017,"Acts intended to cause injury",1080
"40–44",2017,"Sexual assault and related offences",543
"40–44",2017,"Dangerous or negligent acts endangering persons",156
"40–44",2017,"Abduction, harassment and other offences against the person",80
"40–44",2017,"Robbery, extortion and related offences",263
"40–44",2017,"Unlawful entry with intent",552
"40–44",2017,"Theft and related offences",193
"40–44",2017,"Fraud, deception and related offences",144
"40–44",2017,"Illicit drug offences",759
"40–44",2017,"Prohibited and regulated weapons and explosives offences",80
"40–44",2017,"Property damage and environmental pollution",61
"40–44",2017,"Public order offences",12
"40–44",2017,"Traffic and vehicle regulatory offences",98
"40–44",2017,"Offences against justice procedures",422
"40–44",2017,"Miscellaneous offences",14
"40–44",2018,"Homicide and related offences",430
"40–44",2018,"Acts intended to cause injury",1111
"40–44",2018,"Sexual assault and related offences",605
"40–44",2018,"Dangerous or negligent acts endangering persons",170
"40–44",2018,"Abduction, harassment and other offences against the person",63
"40–44",2018,"Robbery, extortion and related offences",272
"40–44",2018,"Unlawful entry with intent",592
"40–44",2018,"Theft and related offences",185
"40–44",2018,"Fraud, deception and related offences",138
"40–44",2018,"Illicit drug offences",851
"40–44",2018,"Prohibited and regulated weapons and explosives offences",82
"40–44",2018,"Property damage and environmental pollution",71
"40–44",2018,"Public order offences",35
"40–44",2018,"Traffic and vehicle regulatory offences",94
"40–44",2018,"Offences against justice procedures",408
"40–44",2018,"Miscellaneous offences",16
"40–44",2019,"Homicide and related offences",432
"40–44",2019,"Acts intended to cause injury",1134
"40–44",2019,"Sexual assault and related offences",627
"40–44",2019,"Dangerous or negligent acts endangering persons",161
"40–44",2019,"Abduction, harassment and other offences against the person",61
"40–44",2019,"Robbery, extortion and related offences",293
"40–44",2019,"Unlawful entry with intent",517
"40–44",2019,"Theft and related offences",187
"40–44",2019,"Fraud, deception and related offences",118
"40–44",2019,"Illicit drug offences",842
"40–44",2019,"Prohibited and regulated weapons and explosives offences",96
"40–44",2019,"Property damage and environmental pollution",79
"40–44",2019,"Public order offences",28
"40–44",2019,"Traffic and vehicle regulatory offences",65
"40–44",2019,"Offences against justice procedures",392
"40–44",2019,"Miscellaneous offences",5
"40–44",2020,"Homicide and related offences",408
"40–44",2020,"Acts intended to cause injury",1153
"40–44",2020,"Sexual assault and related offences",670
"40–44",2020,"Dangerous or negligent acts endangering persons",158
"40–44",2020,"Abduction, harassment and other offences against the person",74
"40–44",2020,"Robbery, extortion and related offences",289
"40–44",2020,"Unlawful entry with intent",516
"40–44",2020,"Theft and related offences",161
"40–44",2020,"Fraud, deception and related offences",86
"40–44",2020,"Illicit drug offences",770
"40–44",2020,"Prohibited and regulated weapons and explosives offences",86
"40–44",2020,"Property damage and environmental pollution",81
"40–44",2020,"Public order offences",17
"40–44",2020,"Traffic and vehicle regulatory offences",50
"40–44",2020,"Offences against justice procedures",460
"40–44",2020,"Miscellaneous offences",4
"45–49",2011,"Homicide and related offences",318
"45–49",2011,"Acts intended to cause injury",312
"45–49",2011,"Sexual assault and related offences",494
"45–49",2011,"Robbery, extortion and related offences",108
"45–49",2011,"Unlawful entry with intent",130
"45–49",2011,"Illicit drug offences",415
"45–49",2011,"Theft and related offences",52
"45–49",2011,"Miscellaneous offences",464
"45–49",2012,"Homicide and related offences",332
"45–49",2012,"Acts intended to cause injury",334
"45–49",2012,"Sexual assault and related offences",478
"45–49",2012,"Robbery, extortion and related offences",106
"45–49",2012,"Unlawful entry with intent",146
"45–49",2012,"Theft and related offences",67
"45–49",2012,"Illicit drug offences",373
"45–49",2012,"Offences against justice procedures",164
"45–49",2012,"Miscellaneous offences",319
"45–49",2013,"Homicide and related offences",331
"45–49",2013,"Acts intended to cause injury",383
"45–49",2013,"Sexual assault and related offences",472
"45–49",2013,"Dangerous or negligent acts endangering persons",46
"45–49",2013,"Abduction, harassment and other offences against the person",33
"45–49",2013,"Robbery, extortion and related offences",115
"45–49",2013,"Unlawful entry with intent",156
"45–49",2013,"Theft and related offences",69
"45–49",2013,"Fraud, deception and related offences",78
"45–49",2013,"Illicit drug offences",381
"45–49",2013,"Prohibited and regulated weapons and explosives offences",16
"45–49",2013,"Property damage and environmental pollution",34
"45–49",2013,"Public order offences",10
"45–49",2013,"Traffic and vehicle regulatory offences",75
"45–49",2013,"Offences against justice procedures",187
"45–49",2013,"Miscellaneous offences",8
"45–49",2014,"Homicide and related offences",348
"45–49",2014,"Acts intended to cause injury",421
"45–49",2014,"Sexual assault and related offences",461
"45–49",2014,"Dangerous or negligent acts endangering persons",52
"45–49",2014,"Abduction, harassment and other offences against the person",32
"45–49",2014,"Robbery, extortion and related offences",115
"45–49",2014,"Unlawful entry with intent",193
"45–49",2014,"Theft and related offences",99
"45–49",2014,"Fraud, deception and related offences",94
"45–49",2014,"Illicit drug offences",404
"45–49",2014,"Prohibited and regulated weapons and explosives offences",19
"45–49",2014,"Property damage and environmental pollution",30
"45–49",2014,"Public order offences",21
"45–49",2014,"Traffic and vehicle regulatory offences",72
"45–49",2014,"Offences against justice procedures",265
"45–49",2014,"Miscellaneous offences",6
"45–49",2015,"Homicide and related offences",373
"45–49",2015,"Acts intended to cause injury",530
"45–49",2015,"Sexual assault and related offences",518
"45–49",2015,"Dangerous or negligent acts endangering persons",67
"45–49",2015,"Abduction, harassment and other offences against the person",39
"45–49",2015,"Robbery, extortion and related offences",129
"45–49",2015,"Unlawful entry with intent",216
"45–49",2015,"Theft and related offences",93
"45–49",2015,"Fraud, deception and related offences",118
"45–49",2015,"Illicit drug offences",461
"45–49",2015,"Prohibited and regulated weapons and explosives offences",19
"45–49",2015,"Property damage and environmental pollution",37
"45–49",2015,"Public order offences",15
"45–49",2015,"Traffic and vehicle regulatory offences",82
"45–49",2015,"Offences against justice procedures",264
"45–49",2015,"Miscellaneous offences",11
"45–49",2016,"Homicide and related offences",368
"45–49",2016,"Acts intended to cause injury",615
"45–49",2016,"Sexual assault and related offences",520
"45–49",2016,"Dangerous or negligent acts endangering persons",72
"45–49",2016,"Abduction, harassment and other offences against the person",34
"45–49",2016,"Robbery, extortion and related offences",133
"45–49",2016,"Unlawful entry with intent",237
"45–49",2016,"Theft and related offences",114
"45–49",2016,"Fraud, deception and related offences",110
"45–49",2016,"Illicit drug offences",493
"45–49",2016,"Prohibited and regulated weapons and explosives offences",40
"45–49",2016,"Property damage and environmental pollution",37
"45–49",2016,"Public order offences",21
"45–49",2016,"Traffic and vehicle regulatory offences",91
"45–49",2016,"Offences against justice procedures",296
"45–49",2016,"Miscellaneous offences",4
"45–49",2017,"Homicide and related offences",399
"45–49",2017,"Acts intended to cause injury",728
"45–49",2017,"Sexual assault and related offences",561
"45–49",2017,"Dangerous or negligent acts endangering persons",85
"45–49",2017,"Abduction, harassment and other offences against the person",39
"45–49",2017,"Robbery, extortion and related offences",137
"45–49",2017,"Unlawful entry with intent",250
"45–49",2017,"Theft and related offences",102
"45–49",2017,"Fraud, deception and related offences",103
"45–49",2017,"Illicit drug offences",575
"45–49",2017,"Prohibited and regulated weapons and explosives offences",44
"45–49",2017,"Property damage and environmental pollution",53
"45–49",2017,"Public order offences",26
"45–49",2017,"Traffic and vehicle regulatory offences",78
"45–49",2017,"Offences against justice procedures",260
"45–49",2017,"Miscellaneous offences",7
"45–49",2018,"Homicide and related offences",402
"45–49",2018,"Acts intended to cause injury",756
"45–49",2018,"Sexual assault and related offences",595
"45–49",2018,"Dangerous or negligent acts endangering persons",96
"45–49",2018,"Abduction, harassment and other offences against the person",50
"45–49",2018,"Robbery, extortion and related offences",138
"45–49",2018,"Unlawful entry with intent",312
"45–49",2018,"Theft and related offences",121
"45–49",2018,"Fraud, deception and related offences",102
"45–49",2018,"Illicit drug offences",633
"45–49",2018,"Prohibited and regulated weapons and explosives offences",41
"45–49",2018,"Property damage and environmental pollution",57
"45–49",2018,"Public order offences",26
"45–49",2018,"Traffic and vehicle regulatory offences",82
"45–49",2018,"Offences against justice procedures",259
"45–49",2018,"Miscellaneous offences",11
"45–49",2019,"Homicide and related offences",391
"45–49",2019,"Acts intended to cause injury",754
"45–49",2019,"Sexual assault and related offences",663
"45–49",2019,"Dangerous or negligent acts endangering persons",98
"45–49",2019,"Abduction, harassment and other offences against the person",46
"45–49",2019,"Robbery, extortion and related offences",136
"45–49",2019,"Unlawful entry with intent",322
"45–49",2019,"Theft and related offences",117
"45–49",2019,"Fraud, deception and related offences",114
"45–49",2019,"Illicit drug offences",610
"45–49",2019,"Prohibited and regulated weapons and explosives offences",53
"45–49",2019,"Property damage and environmental pollution",52
"45–49",2019,"Public order offences",17
"45–49",2019,"Traffic and vehicle regulatory offences",74
"45–49",2019,"Offences against justice procedures",326
"45–49",2019,"Miscellaneous offences",8
"45–49",2020,"Homicide and related offences",404
"45–49",2020,"Acts intended to cause injury",755
"45–49",2020,"Sexual assault and related offences",664
"45–49",2020,"Dangerous or negligent acts endangering persons",98
"45–49",2020,"Abduction, harassment and other offences against the person",55
"45–49",2020,"Robbery, extortion and related offences",131
"45–49",2020,"Unlawful entry with intent",278
"45–49",2020,"Theft and related offences",87
"45–49",2020,"Fraud, deception and related offences",81
"45–49",2020,"Illicit drug offences",579
"45–49",2020,"Prohibited and regulated weapons and explosives offences",60
"45–49",2020,"Property damage and environmental pollution",52
"45–49",2020,"Public order offences",11
"45–49",2020,"Traffic and vehicle regulatory offences",52
"45–49",2020,"Offences against justice procedures",284
"45–49",2020,"Miscellaneous offences",8
"50–54",2011,"Homicide and related offences",239
"50–54",2011,"Acts intended to cause injury",124
"50–54",2011,"Sexual assault and related offences",357
"50–54",2011,"Robbery, extortion and related offences",41
"50–54",2011,"Unlawful entry with intent",41
"50–54",2011,"Illicit drug offences",271
"50–54",2011,"Theft and related offences",37
"50–54",2011,"Miscellaneous offences",274
"50–54",2012,"Homicide and related offences",244
"50–54",2012,"Acts intended to cause injury",139
"50–54",2012,"Sexual assault and related offences",371
"50–54",2012,"Robbery, extortion and related offences",43
"50–54",2012,"Unlawful entry with intent",49
"50–54",2012,"Theft and related offences",33
"50–54",2012,"Illicit drug offences",309
"50–54",2012,"Offences against justice procedures",85
"50–54",2012,"Miscellaneous offences",201
"50–54",2013,"Homicide and related offences",226
"50–54",2013,"Acts intended to cause injury",158
"50–54",2013,"Sexual assault and related offences",359
"50–54",2013,"Dangerous or negligent acts endangering persons",23
"50–54",2013,"Abduction, harassment and other offences against the person",10
"50–54",2013,"Robbery, extortion and related offences",53
"50–54",2013,"Unlawful entry with intent",48
"50–54",2013,"Theft and related offences",41
"50–54",2013,"Fraud, deception and related offences",68
"50–54",2013,"Illicit drug offences",293
"50–54",2013,"Prohibited and regulated weapons and explosives offences",15
"50–54",2013,"Property damage and environmental pollution",14
"50–54",2013,"Public order offences",3
"50–54",2013,"Traffic and vehicle regulatory offences",43
"50–54",2013,"Offences against justice procedures",105
"50–54",2013,"Miscellaneous offences",3
"50–54",2014,"Homicide and related offences",262
"50–54",2014,"Acts intended to cause injury",194
"50–54",2014,"Sexual assault and related offences",398
"50–54",2014,"Dangerous or negligent acts endangering persons",32
"50–54",2014,"Abduction, harassment and other offences against the person",15
"50–54",2014,"Robbery, extortion and related offences",59
"50–54",2014,"Unlawful entry with intent",63
"50–54",2014,"Theft and related offences",41
"50–54",2014,"Fraud, deception and related offences",81
"50–54",2014,"Illicit drug offences",316
"50–54",2014,"Prohibited and regulated weapons and explosives offences",14
"50–54",2014,"Property damage and environmental pollution",9
"50–54",2014,"Public order offences",7
"50–54",2014,"Traffic and vehicle regulatory offences",51
"50–54",2014,"Offences against justice procedures",115
"50–54",2014,"Miscellaneous offences",8
"50–54",2015,"Homicide and related offences",294
"50–54",2015,"Acts intended to cause injury",217
"50–54",2015,"Sexual assault and related offences",408
"50–54",2015,"Dangerous or negligent acts endangering persons",45
"50–54",2015,"Abduction, harassment and other offences against the person",17
"50–54",2015,"Robbery, extortion and related offences",62
"50–54",2015,"Unlawful entry with intent",100
"50–54",2015,"Theft and related offences",48
"50–54",2015,"Fraud, deception and related offences",88
"50–54",2015,"Illicit drug offences",314
"50–54",2015,"Prohibited and regulated weapons and explosives offences",12
"50–54",2015,"Property damage and environmental pollution",15
"50–54",2015,"Public order offences",12
"50–54",2015,"Traffic and vehicle regulatory offences",41
"50–54",2015,"Offences against justice procedures",128
"50–54",2015,"Miscellaneous offences",9
"50–54",2016,"Homicide and related offences",279
"50–54",2016,"Acts intended to cause injury",261
"50–54",2016,"Sexual assault and related offences",468
"50–54",2016,"Dangerous or negligent acts endangering persons",37
"50–54",2016,"Abduction, harassment and other offences against the person",28
"50–54",2016,"Robbery, extortion and related offences",71
"50–54",2016,"Unlawful entry with intent",118
"50–54",2016,"Theft and related offences",51
"50–54",2016,"Fraud, deception and related offences",69
"50–54",2016,"Illicit drug offences",332
"50–54",2016,"Prohibited and regulated weapons and explosives offences",15
"50–54",2016,"Property damage and environmental pollution",19
"50–54",2016,"Public order offences",12
"50–54",2016,"Traffic and vehicle regulatory offences",64
"50–54",2016,"Offences against justice procedures",127
"50–54",2016,"Miscellaneous offences",0
"50–54",2017,"Homicide and related offences",304
"50–54",2017,"Acts intended to cause injury",300
"50–54",2017,"Sexual assault and related offences",508
"50–54",2017,"Dangerous or negligent acts endangering persons",44
"50–54",2017,"Abduction, harassment and other offences against the person",24
"50–54",2017,"Robbery, extortion and related offences",56
"50–54",2017,"Unlawful entry with intent",123
"50–54",2017,"Theft and related offences",69
"50–54",2017,"Fraud, deception and related offences",72
"50–54",2017,"Illicit drug offences",372
"50–54",2017,"Prohibited and regulated weapons and explosives offences",21
"50–54",2017,"Property damage and environmental pollution",18
"50–54",2017,"Public order offences",12
"50–54",2017,"Traffic and vehicle regulatory offences",54
"50–54",2017,"Offences against justice procedures",152
"50–54",2017,"Miscellaneous offences",7
"50–54",2018,"Homicide and related offences",303
"50–54",2018,"Acts intended to cause injury",339
"50–54",2018,"Sexual assault and related offences",537
"50–54",2018,"Dangerous or negligent acts endangering persons",38
"50–54",2018,"Abduction, harassment and other offences against the person",18
"50–54",2018,"Robbery, extortion and related offences",62
"50–54",2018,"Unlawful entry with intent",124
"50–54",2018,"Theft and related offences",61
"50–54",2018,"Fraud, deception and related offences",60
"50–54",2018,"Illicit drug offences",433
"50–54",2018,"Prohibited and regulated weapons and explosives offences",24
"50–54",2018,"Property damage and environmental pollution",32
"50–54",2018,"Public order offences",12
"50–54",2018,"Traffic and vehicle regulatory offences",39
"50–54",2018,"Offences against justice procedures",150
"50–54",2018,"Miscellaneous offences",5
"50–54",2019,"Homicide and related offences",315
"50–54",2019,"Acts intended to cause injury",392
"50–54",2019,"Sexual assault and related offences",572
"50–54",2019,"Dangerous or negligent acts endangering persons",60
"50–54",2019,"Abduction, harassment and other offences against the person",23
"50–54",2019,"Robbery, extortion and related offences",68
"50–54",2019,"Unlawful entry with intent",139
"50–54",2019,"Theft and related offences",45
"50–54",2019,"Fraud, deception and related offences",66
"50–54",2019,"Illicit drug offences",405
"50–54",2019,"Prohibited and regulated weapons and explosives offences",23
"50–54",2019,"Property damage and environmental pollution",26
"50–54",2019,"Public order offences",10
"50–54",2019,"Traffic and vehicle regulatory offences",33
"50–54",2019,"Offences against justice procedures",143
"50–54",2019,"Miscellaneous offences",8
"50–54",2020,"Homicide and related offences",330
"50–54",2020,"Acts intended to cause injury",385
"50–54",2020,"Sexual assault and related offences",576
"50–54",2020,"Dangerous or negligent acts endangering persons",53
"50–54",2020,"Abduction, harassment and other offences against the person",24
"50–54",2020,"Robbery, extortion and related offences",57
"50–54",2020,"Unlawful entry with intent",133
"50–54",2020,"Theft and related offences",34
"50–54",2020,"Fraud, deception and related offences",55
"50–54",2020,"Illicit drug offences",372
"50–54",2020,"Prohibited and regulated weapons and explosives offences",19
"50–54",2020,"Property damage and environmental pollution",35
"50–54",2020,"Public order offences",4
"50–54",2020,"Traffic and vehicle regulatory offences",15
"50–54",2020,"Offences against justice procedures",128
"50–54",2020,"Miscellaneous offences",3
"55–59",2011,"Homicide and related offences",159
"55–59",2011,"Acts intended to cause injury",61
"55–59",2011,"Sexual assault and related offences",266
"55–59",2011,"Robbery, extortion and related offences",18
"55–59",2011,"Unlawful entry with intent",15
"55–59",2011,"Illicit drug offences",165
"55–59",2011,"Theft and related offences",19
"55–59",2011,"Miscellaneous offences",176
"55–59",2012,"Homicide and related offences",170
"55–59",2012,"Acts intended to cause injury",60
"55–59",2012,"Sexual assault and related offences",280
"55–59",2012,"Robbery, extortion and related offences",23
"55–59",2012,"Unlawful entry with intent",19
"55–59",2012,"Theft and related offences",18
"55–59",2012,"Illicit drug offences",178
"55–59",2012,"Offences against justice procedures",54
"55–59",2012,"Miscellaneous offences",104
"55–59",2013,"Homicide and related offences",184
"55–59",2013,"Acts intended to cause injury",59
"55–59",2013,"Sexual assault and related offences",264
"55–59",2013,"Dangerous or negligent acts endangering persons",14
"55–59",2013,"Abduction, harassment and other offences against the person",6
"55–59",2013,"Robbery, extortion and related offences",19
"55–59",2013,"Unlawful entry with intent",33
"55–59",2013,"Theft and related offences",24
"55–59",2013,"Fraud, deception and related offences",46
"55–59",2013,"Illicit drug offences",199
"55–59",2013,"Prohibited and regulated weapons and explosives offences",4
"55–59",2013,"Property damage and environmental pollution",12
"55–59",2013,"Public order offences",5
"55–59",2013,"Traffic and vehicle regulatory offences",27
"55–59",2013,"Offences against justice procedures",43
"55–59",2013,"Miscellaneous offences",4
"55–59",2014,"Homicide and related offences",188
"55–59",2014,"Acts intended to cause injury",75
"55–59",2014,"Sexual assault and related offences",296
"55–59",2014,"Dangerous or negligent acts endangering persons",5
"55–59",2014,"Abduction, harassment and other offences against the person",4
"55–59",2014,"Robbery, extortion and related offences",22
"55–59",2014,"Unlawful entry with intent",31
"55–59",2014,"Theft and related offences",21
"55–59",2014,"Fraud, deception and related offences",43
"55–59",2014,"Illicit drug offences",229
"55–59",2014,"Prohibited and regulated weapons and explosives offences",11
"55–59",2014,"Property damage and environmental pollution",13
"55–59",2014,"Public order offences",5
"55–59",2014,"Traffic and vehicle regulatory offences",27
"55–59",2014,"Offences against justice procedures",64
"55–59",2014,"Miscellaneous offences",6
"55–59",2015,"Homicide and related offences",183
"55–59",2015,"Acts intended to cause injury",95
"55–59",2015,"Sexual assault and related offences",348
"55–59",2015,"Dangerous or negligent acts endangering persons",13
"55–59",2015,"Abduction, harassment and other offences against the person",8
"55–59",2015,"Robbery, extortion and related offences",17
"55–59",2015,"Unlawful entry with intent",21
"55–59",2015,"Theft and related offences",14
"55–59",2015,"Fraud, deception and related offences",42
"55–59",2015,"Illicit drug offences",241
"55–59",2015,"Prohibited and regulated weapons and explosives offences",14
"55–59",2015,"Property damage and environmental pollution",9
"55–59",2015,"Public order offences",6
"55–59",2015,"Traffic and vehicle regulatory offences",27
"55–59",2015,"Offences against justice procedures",58
"55–59",2015,"Miscellaneous offences",10
"55–59",2016,"Homicide and related offences",202
"55–59",2016,"Acts intended to cause injury",93
"55–59",2016,"Sexual assault and related offences",363
"55–59",2016,"Dangerous or negligent acts endangering persons",13
"55–59",2016,"Abduction, harassment and other offences against the person",9
"55–59",2016,"Robbery, extortion and related offences",27
"55–59",2016,"Unlawful entry with intent",28
"55–59",2016,"Theft and related offences",18
"55–59",2016,"Fraud, deception and related offences",52
"55–59",2016,"Illicit drug offences",237
"55–59",2016,"Prohibited and regulated weapons and explosives offences",7
"55–59",2016,"Property damage and environmental pollution",5
"55–59",2016,"Public order offences",8
"55–59",2016,"Traffic and vehicle regulatory offences",19
"55–59",2016,"Offences against justice procedures",68
"55–59",2016,"Miscellaneous offences",5
"55–59",2017,"Homicide and related offences",195
"55–59",2017,"Acts intended to cause injury",139
"55–59",2017,"Sexual assault and related offences",390
"55–59",2017,"Dangerous or negligent acts endangering persons",17
"55–59",2017,"Abduction, harassment and other offences against the person",22
"55–59",2017,"Robbery, extortion and related offences",25
"55–59",2017,"Unlawful entry with intent",33
"55–59",2017,"Theft and related offences",15
"55–59",2017,"Fraud, deception and related offences",65
"55–59",2017,"Illicit drug offences",249
"55–59",2017,"Prohibited and regulated weapons and explosives offences",8
"55–59",2017,"Property damage and environmental pollution",17
"55–59",2017,"Public order offences",3
"55–59",2017,"Traffic and vehicle regulatory offences",15
"55–59",2017,"Offences against justice procedures",63
"55–59",2017,"Miscellaneous offences",9
"55–59",2018,"Homicide and related offences",211
"55–59",2018,"Acts intended to cause injury",150
"55–59",2018,"Sexual assault and related offences",403
"55–59",2018,"Dangerous or negligent acts endangering persons",29
"55–59",2018,"Abduction, harassment and other offences against the person",14
"55–59",2018,"Robbery, extortion and related offences",30
"55–59",2018,"Unlawful entry with intent",29
"55–59",2018,"Theft and related offences",21
"55–59",2018,"Fraud, deception and related offences",70
"55–59",2018,"Illicit drug offences",252
"55–59",2018,"Prohibited and regulated weapons and explosives offences",19
"55–59",2018,"Property damage and environmental pollution",12
"55–59",2018,"Public order offences",3
"55–59",2018,"Traffic and vehicle regulatory offences",17
"55–59",2018,"Offences against justice procedures",65
"55–59",2018,"Miscellaneous offences",9
"55–59",2019,"Homicide and related offences",227
"55–59",2019,"Acts intended to cause injury",163
"55–59",2019,"Sexual assault and related offences",449
"55–59",2019,"Dangerous or negligent acts endangering persons",13
"55–59",2019,"Abduction, harassment and other offences against the person",17
"55–59",2019,"Robbery, extortion and related offences",28
"55–59",2019,"Unlawful entry with intent",41
"55–59",2019,"Theft and related offences",19
"55–59",2019,"Fraud, deception and related offences",78
"55–59",2019,"Illicit drug offences",276
"55–59",2019,"Prohibited and regulated weapons and explosives offences",10
"55–59",2019,"Property damage and environmental pollution",17
"55–59",2019,"Public order offences",9
"55–59",2019,"Traffic and vehicle regulatory offences",23
"55–59",2019,"Offences against justice procedures",50
"55–59",2019,"Miscellaneous offences",7
"55–59",2020,"Homicide and related offences",236
"55–59",2020,"Acts intended to cause injury",138
"55–59",2020,"Sexual assault and related offences",474
"55–59",2020,"Dangerous or negligent acts endangering persons",16
"55–59",2020,"Abduction, harassment and other offences against the person",19
"55–59",2020,"Robbery, extortion and related offences",23
"55–59",2020,"Unlawful entry with intent",42
"55–59",2020,"Theft and related offences",25
"55–59",2020,"Fraud, deception and related offences",58
"55–59",2020,"Illicit drug offences",251
"55–59",2020,"Prohibited and regulated weapons and explosives offences",9
"55–59",2020,"Property damage and environmental pollution",12
"55–59",2020,"Public order offences",3
"55–59",2020,"Traffic and vehicle regulatory offences",13
"55–59",2020,"Offences against justice procedures",47
"55–59",2020,"Miscellaneous offences",3
"60–64",2011,"Homicide and related offences",93
"60–64",2011,"Acts intended to cause injury",29
"60–64",2011,"Sexual assault and related offences",242
"60–64",2011,"Robbery, extortion and related offences",5
"60–64",2011,"Unlawful entry with intent",4
"60–64",2011,"Illicit drug offences",87
"60–64",2011,"Theft and related offences",7
"60–64",2011,"Miscellaneous offences",82
"60–64",2012,"Homicide and related offences",94
"60–64",2012,"Acts intended to cause injury",24
"60–64",2012,"Sexual assault and related offences",236
"60–64",2012,"Robbery, extortion and related offences",8
"60–64",2012,"Unlawful entry with intent",5
"60–64",2012,"Theft and related offences",8
"60–64",2012,"Illicit drug offences",91
"60–64",2012,"Offences against justice procedures",24
"60–64",2012,"Miscellaneous offences",80
"60–64",2013,"Homicide and related offences",103
"60–64",2013,"Acts intended to cause injury",29
"60–64",2013,"Sexual assault and related offences",247
"60–64",2013,"Dangerous or negligent acts endangering persons",4
"60–64",2013,"Abduction, harassment and other offences against the person",3
"60–64",2013,"Robbery, extortion and related offences",6
"60–64",2013,"Unlawful entry with intent",5
"60–64",2013,"Theft and related offences",7
"60–64",2013,"Fraud, deception and related offences",44
"60–64",2013,"Illicit drug offences",107
"60–64",2013,"Prohibited and regulated weapons and explosives offences",6
"60–64",2013,"Property damage and environmental pollution",3
"60–64",2013,"Public order offences",5
"60–64",2013,"Traffic and vehicle regulatory offences",8
"60–64",2013,"Offences against justice procedures",28
"60–64",2013,"Miscellaneous offences",3
"60–64",2014,"Homicide and related offences",100
"60–64",2014,"Acts intended to cause injury",34
"60–64",2014,"Sexual assault and related offences",254
"60–64",2014,"Dangerous or negligent acts endangering persons",0
"60–64",2014,"Abduction, harassment and other offences against the person",3
"60–64",2014,"Robbery, extortion and related offences",6
"60–64",2014,"Unlawful entry with intent",11
"60–64",2014,"Theft and related offences",9
"60–64",2014,"Fraud, deception and related offences",44
"60–64",2014,"Illicit drug offences",115
"60–64",2014,"Prohibited and regulated weapons and explosives offences",6
"60–64",2014,"Property damage and environmental pollution",3
"60–64",2014,"Public order offences",4
"60–64",2014,"Traffic and vehicle regulatory offences",7
"60–64",2014,"Offences against justice procedures",24
"60–64",2014,"Miscellaneous offences",4
"60–64",2015,"Homicide and related offences",126
"60–64",2015,"Acts intended to cause injury",28
"60–64",2015,"Sexual assault and related offences",246
"60–64",2015,"Dangerous or negligent acts endangering persons",12
"60–64",2015,"Abduction, harassment and other offences against the person",0
"60–64",2015,"Robbery, extortion and related offences",5
"60–64",2015,"Unlawful entry with intent",15
"60–64",2015,"Theft and related offences",14
"60–64",2015,"Fraud, deception and related offences",45
"60–64",2015,"Illicit drug offences",120
"60–64",2015,"Prohibited and regulated weapons and explosives offences",5
"60–64",2015,"Property damage and environmental pollution",8
"60–64",2015,"Public order offences",0
"60–64",2015,"Traffic and vehicle regulatory offences",16
"60–64",2015,"Offences against justice procedures",17
"60–64",2015,"Miscellaneous offences",4
"60–64",2016,"Homicide and related offences",126
"60–64",2016,"Acts intended to cause injury",38
"60–64",2016,"Sexual assault and related offences",294
"60–64",2016,"Dangerous or negligent acts endangering persons",6
"60–64",2016,"Abduction, harassment and other offences against the person",0
"60–64",2016,"Robbery, extortion and related offences",3
"60–64",2016,"Unlawful entry with intent",16
"60–64",2016,"Theft and related offences",11
"60–64",2016,"Fraud, deception and related offences",50
"60–64",2016,"Illicit drug offences",110
"60–64",2016,"Prohibited and regulated weapons and explosives offences",3
"60–64",2016,"Property damage and environmental pollution",4
"60–64",2016,"Public order offences",3
"60–64",2016,"Traffic and vehicle regulatory offences",12
"60–64",2016,"Offences against justice procedures",24
"60–64",2016,"Miscellaneous offences",3
"60–64",2017,"Homicide and related offences",140
"60–64",2017,"Acts intended to cause injury",50
"60–64",2017,"Sexual assault and related offences",295
"60–64",2017,"Dangerous or negligent acts endangering persons",5
"60–64",2017,"Abduction, harassment and other offences against the person",3
"60–64",2017,"Robbery, extortion and related offences",8
"60–64",2017,"Unlawful entry with intent",9
"60–64",2017,"Theft and related offences",14
"60–64",2017,"Fraud, deception and related offences",31
"60–64",2017,"Illicit drug offences",145
"60–64",2017,"Prohibited and regulated weapons and explosives offences",5
"60–64",2017,"Property damage and environmental pollution",3
"60–64",2017,"Public order offences",3
"60–64",2017,"Traffic and vehicle regulatory offences",10
"60–64",2017,"Offences against justice procedures",24
"60–64",2017,"Miscellaneous offences",4
"60–64",2018,"Homicide and related offences",142
"60–64",2018,"Acts intended to cause injury",43
"60–64",2018,"Sexual assault and related offences",330
"60–64",2018,"Dangerous or negligent acts endangering persons",5
"60–64",2018,"Abduction, harassment and other offences against the person",4
"60–64",2018,"Robbery, extortion and related offences",9
"60–64",2018,"Unlawful entry with intent",15
"60–64",2018,"Theft and related offences",7
"60–64",2018,"Fraud, deception and related offences",25
"60–64",2018,"Illicit drug offences",151
"60–64",2018,"Prohibited and regulated weapons and explosives offences",7
"60–64",2018,"Property damage and environmental pollution",6
"60–64",2018,"Public order offences",0
"60–64",2018,"Traffic and vehicle regulatory offences",19
"60–64",2018,"Offences against justice procedures",35
"60–64",2018,"Miscellaneous offences",3
"60–64",2019,"Homicide and related offences",147
"60–64",2019,"Acts intended to cause injury",58
"60–64",2019,"Sexual assault and related offences",354
"60–64",2019,"Dangerous or negligent acts endangering persons",4
"60–64",2019,"Abduction, harassment and other offences against the person",3
"60–64",2019,"Robbery, extortion and related offences",10
"60–64",2019,"Unlawful entry with intent",9
"60–64",2019,"Theft and related offences",13
"60–64",2019,"Fraud, deception and related offences",23
"60–64",2019,"Illicit drug offences",137
"60–64",2019,"Prohibited and regulated weapons and explosives offences",8
"60–64",2019,"Property damage and environmental pollution",11
"60–64",2019,"Public order offences",0
"60–64",2019,"Traffic and vehicle regulatory offences",3
"60–64",2019,"Offences against justice procedures",31
"60–64",2019,"Miscellaneous offences",4
"60–64",2020,"Homicide and related offences",142
"60–64",2020,"Acts intended to cause injury",57
"60–64",2020,"Sexual assault and related offences",378
"60–64",2020,"Dangerous or negligent acts endangering persons",10
"60–64",2020,"Abduction, harassment and other offences against the person",9
"60–64",2020,"Robbery, extortion and related offences",5
"60–64",2020,"Unlawful entry with intent",11
"60–64",2020,"Theft and related offences",12
"60–64",2020,"Fraud, deception and related offences",33
"60–64",2020,"Illicit drug offences",133
"60–64",2020,"Prohibited and regulated weapons and explosives offences",3
"60–64",2020,"Property damage and environmental pollution",3
"60–64",2020,"Public order offences",0
"60–64",2020,"Traffic and vehicle regulatory offences",9
"60–64",2020,"Offences against justice procedures",33
"60–64",2020,"Miscellaneous offences",5
"65+",2011,"Homicide and related offences",102
"65+",2011,"Acts intended to cause injury",22
"65+",2011,"Sexual assault and related offences",313
"65+",2011,"Robbery, extortion and related offences",3
"65+",2011,"Unlawful entry with intent",4
"65+",2011,"Illicit drug offences",52
"65+",2011,"Theft and related offences",4
"65+",2011,"Miscellaneous offences",71
"65+",2012,"Homicide and related offences",114
"65+",2012,"Acts intended to cause injury",18
"65+",2012,"Sexual assault and related offences",290
"65+",2012,"Robbery, extortion and related offences",3
"65+",2012,"Unlawful entry with intent",3
"65+",2012,"Theft and related offences",10
"65+",2012,"Illicit drug offences",60
"65+",2012,"Offences against justice procedures",27
"65+",2012,"Miscellaneous offences",56
"65+",2013,"Homicide and related offences",120
"65+",2013,"Acts intended to cause injury",23
"65+",2013,"Sexual assault and related offences",340
"65+",2013,"Dangerous or negligent acts endangering persons",3
"65+",2013,"Abduction, harassment and other offences against the person",0
"65+",2013,"Robbery, extortion and related offences",3
"65+",2013,"Unlawful entry with intent",3
"65+",2013,"Theft and related offences",3
"65+",2013,"Fraud, deception and related offences",30
"65+",2013,"Illicit drug offences",65
"65+",2013,"Prohibited and regulated weapons and explosives offences",0
"65+",2013,"Property damage and environmental pollution",7
"65+",2013,"Public order offences",11
"65+",2013,"Traffic and vehicle regulatory offences",3
"65+",2013,"Offences against justice procedures",13
"65+",2013,"Miscellaneous offences",3
"65+",2014,"Homicide and related offences",126
"65+",2014,"Acts intended to cause injury",22
"65+",2014,"Sexual assault and related offences",381
"65+",2014,"Dangerous or negligent acts endangering persons",3
"65+",2014,"Abduction, harassment and other offences against the person",0
"65+",2014,"Robbery, extortion and related offences",3
"65+",2014,"Unlawful entry with intent",3
"65+",2014,"Theft and related offences",5
"65+",2014,"Fraud, deception and related offences",37
"65+",2014,"Illicit drug offences",68
"65+",2014,"Prohibited and regulated weapons and explosives offences",0
"65+",2014,"Property damage and environmental pollution",4
"65+",2014,"Public order offences",14
"65+",2014,"Traffic and vehicle regulatory offences",8
"65+",2014,"Offences against justice procedures",26
"65+",2014,"Miscellaneous offences",3
"65+",2015,"Homicide and related offences",139
"65+",2015,"Acts intended to cause injury",18
"65+",2015,"Sexual assault and related offences",475
"65+",2015,"Dangerous or negligent acts endangering persons",3
"65+",2015,"Abduction, harassment and other offences against the person",3
"65+",2015,"Robbery, extortion and related offences",0
"65+",2015,"Unlawful entry with intent",0
"65+",2015,"Theft and related offences",4
"65+",2015,"Fraud, deception and related offences",37
"65+",2015,"Illicit drug offences",90
"65+",2015,"Prohibited and regulated weapons and explosives offences",0
"65+",2015,"Property damage and environmental pollution",0
"65+",2015,"Public order offences",13
"65+",2015,"Traffic and vehicle regulatory offences",9
"65+",2015,"Offences against justice procedures",28
"65+",2015,"Miscellaneous offences",4
"65+",2016,"Homicide and related offences",153
"65+",2016,"Acts intended to cause injury",22
"65+",2016,"Sexual assault and related offences",536
"65+",2016,"Dangerous or negligent acts endangering persons",6
"65+",2016,"Abduction, harassment and other offences against the person",0
"65+",2016,"Robbery, extortion and related offences",3
"65+",2016,"Unlawful entry with intent",4
"65+",2016,"Theft and related offences",5
"65+",2016,"Fraud, deception and related offences",41
"65+",2016,"Illicit drug offences",91
"65+",2016,"Prohibited and regulated weapons and explosives offences",0
"65+",2016,"Property damage and environmental pollution",3
"65+",2016,"Public order offences",15
"65+",2016,"Traffic and vehicle regulatory offences",7
"65+",2016,"Offences against justice procedures",25
"65+",2016,"Miscellaneous offences",3
"65+",2017,"Homicide and related offences",167
"65+",2017,"Acts intended to cause injury",31
"65+",2017,"Sexual assault and related offences",629
"65+",2017,"Dangerous or negligent acts endangering persons",5
"65+",2017,"Abduction, harassment and other offences against the person",7
"65+",2017,"Robbery, extortion and related offences",0
"65+",2017,"Unlawful entry with intent",4
"65+",2017,"Theft and related offences",7
"65+",2017,"Fraud, deception and related offences",45
"65+",2017,"Illicit drug offences",94
"65+",2017,"Prohibited and regulated weapons and explosives offences",4
"65+",2017,"Property damage and environmental pollution",7
"65+",2017,"Public order offences",3
"65+",2017,"Traffic and vehicle regulatory offences",8
"65+",2017,"Offences against justice procedures",17
"65+",2017,"Miscellaneous offences",8
"65+",2018,"Homicide and related offences",184
"65+",2018,"Acts intended to cause injury",32
"65+",2018,"Sexual assault and related offences",716
"65+",2018,"Dangerous or negligent acts endangering persons",3
"65+",2018,"Abduction, harassment and other offences against the person",3
"65+",2018,"Robbery, extortion and related offences",5
"65+",2018,"Unlawful entry with intent",5
"65+",2018,"Theft and related offences",3
"65+",2018,"Fraud, deception and related offences",45
"65+",2018,"Illicit drug offences",100
"65+",2018,"Prohibited and regulated weapons and explosives offences",6
"65+",2018,"Property damage and environmental pollution",6
"65+",2018,"Public order offences",3
"65+",2018,"Traffic and vehicle regulatory offences",8
"65+",2018,"Offences against justice procedures",20
"65+",2018,"Miscellaneous offences",3
"65+",2019,"Homicide and related offences",194
"65+",2019,"Acts intended to cause injury",32
"65+",2019,"Sexual assault and related offences",780
"65+",2019,"Dangerous or negligent acts endangering persons",6
"65+",2019,"Abduction, harassment and other offences against the person",3
"65+",2019,"Robbery, extortion and related offences",6
"65+",2019,"Unlawful entry with intent",3
"65+",2019,"Theft and related offences",12
"65+",2019,"Fraud, deception and related offences",43
"65+",2019,"Illicit drug offences",103
"65+",2019,"Prohibited and regulated weapons and explosives offences",3
"65+",2019,"Property damage and environmental pollution",3
"65+",2019,"Public order offences",0
"65+",2019,"Traffic and vehicle regulatory offences",5
"65+",2019,"Offences against justice procedures",13
"65+",2019,"Miscellaneous offences",8
"65+",2020,"Homicide and related offences",203
"65+",2020,"Acts intended to cause injury",33
"65+",2020,"Sexual assault and related offences",777
"65+",2020,"Dangerous or negligent acts endangering persons",0
"65+",2020,"Abduction, harassment and other offences against the person",3
"65+",2020,"Robbery, extortion and related offences",12
"65+",2020,"Unlawful entry with intent",0
"65+",2020,"Theft and related offences",9
"65+",2020,"Fraud, deception and related offences",40
"65+",2020,"Illicit drug offences",98
"65+",2020,"Prohibited and regulated weapons and explosives offences",3
"65+",2020,"Property damage and environmental pollution",3
"65+",2020,"Public order offences",3
"65+",2020,"Traffic and vehicle regulatory offences",3
"65+",2020,"Offences against justice procedures",15
"65+",2020,"Miscellaneous offences",4
